종목코드,종목명,시장구분,업종명,종가,대비,등락률,시가총액
"095570","AJ네트웍스","KOSPI","서비스업","4165","15","0.36","188477741235"
"006840","AK홀딩스","KOSPI","기타금융","17980","-20","-0.11","238191146780"
"027410","BGF","KOSPI","기타금융","3570","30","0.85","341708943870"
"282330","BGF리테일","KOSPI","유통업","135400","1900","1.42","2340240872400"
"138930","BNK금융지주","KOSPI","기타금융","7100","30","0.42","2286827909800"
"001460","BYC","KOSPI","섬유의복","417500","5000","1.21","260776762500"
"001465","BYC우","KOSPI","섬유의복","140600","200","0.14","30283131000"
"001040","CJ","KOSPI","기타금융","90000","500","0.56","2625929820000"
"079160","CJ CGV","KOSPI","서비스업","5590","130","2.38","684390883150"
"00104K","CJ4우(전환)","KOSPI","기타금융","69900","400","0.58","295433188800"
"000120","CJ대한통운","KOSPI","운수창고업","89900","2500","2.86","2050829725600"
"011150","CJ씨푸드","KOSPI","음식료품","2790","85","3.14","100246856670"
"011155","CJ씨푸드1우","KOSPI","음식료품","19510","50","0.26","3902000000"
"001045","CJ우","KOSPI","기타금융","48300","250","0.52","109168770900"
"097950","CJ제일제당","KOSPI","음식료품","320000","1000","0.31","4817339520000"
"097955","CJ제일제당 우","KOSPI","음식료품","132500","1200","0.91","175884872500"
"000480","CR홀딩스","KOSPI","비금속광물","6900","70","1.02","194199340800"
"000590","CS홀딩스","KOSPI","기타금융","59200","400","0.68","68345334400"
"012030","DB","KOSPI","서비스업","1704","15","0.89","342800381832"
"016610","DB금융투자","KOSPI","증권","3955","45","1.15","167875468495"
"005830","DB손해보험","KOSPI","보험","82000","400","0.49","5805600000000"
"000990","DB하이텍","KOSPI","전기전자","56600","1300","2.35","2512960080800"
"139130","DGB금융지주","KOSPI","기타금융","8320","50","0.60","1407293330560"
"001530","DI동일","KOSPI","유통업","31700","200","0.63","825489460900"
"000210","DL","KOSPI","화학","48200","-700","-1.43","1010073608800"
"001880","DL건설","KOSPI","건설업","13280","-40","-0.30","292867611520"
"000215","DL우","KOSPI","화학","22950","0","0.00","38696339250"
"375500","DL이앤씨","KOSPI","건설업","36400","-300","-0.82","1408447877200"
"37550L","DL이앤씨2우(전환)","KOSPI","건설업","23750","-200","-0.84","50158836250"
"37550K","DL이앤씨우","KOSPI","건설업","18400","-30","-0.16","38895484000"
"007340","DN오토모티브","KOSPI","전기전자","71300","800","1.13","712572556500"
"004840","DRB동일","KOSPI","화학","5900","-50","-0.84","117587000000"
"155660","DSR","KOSPI","철강금속","4430","45","1.03","70880000000"
"069730","DSR제강","KOSPI","철강금속","4235","45","1.07","60984000000"
"017940","E1","KOSPI","유통업","58300","200","0.34","399938000000"
"365550","ESR켄달스퀘어리츠","KOSPI","서비스업","3525","50","1.44","751138725000"
"383220","F&F","KOSPI","섬유의복","87100","-1300","-1.47","3336546232500"
"007700","F&F홀딩스","KOSPI","기타금융","16270","150","0.93","636390751090"
"114090","GKL","KOSPI","서비스업","14150","150","1.07","875257730500"
"078930","GS","KOSPI","기타금융","42400","-100","-0.24","3939612027200"
"006360","GS건설","KOSPI","건설업","16000","190","1.20","1369303840000"
"001250","GS글로벌","KOSPI","유통업","2510","60","2.45","207159747640"
"007070","GS리테일","KOSPI","유통업","24850","-50","-0.20","2602240361700"
"078935","GS우","KOSPI","기타금융","35750","-50","-0.14","63807529500"
"012630","HDC","KOSPI","기타금융","6800","-120","-1.73","406243702800"
"039570","HDC랩스","KOSPI","건설업","7420","-30","-0.40","192605399420"
"089470","HDC현대EP","KOSPI","화학","4765","75","1.60","152003500000"
"294870","HDC현대산업개발","KOSPI","건설업","13960","-190","-1.34","920066326800"
"009540","HD한국조선해양","KOSPI","기타금융","100900","2700","2.75","7141007404400"
"267250","HD현대","KOSPI","기타금융","60200","900","1.52","4755383717000"
"267270","HD현대건설기계","KOSPI","기계","47900","1450","3.12","943667984700"
"322000","HD현대에너지솔루션","KOSPI","전기전자","24200","650","2.76","271040000000"
"042670","HD현대인프라코어","KOSPI","기계","7700","170","2.26","1536946588100"
"267260","HD현대일렉트릭","KOSPI","전기전자","85400","-2600","-2.95","3078425329000"
"329180","HD현대중공업","KOSPI","운수장비","114700","3300","2.96","10182276405200"
"097230","HJ중공업","KOSPI","건설업","3935","-5","-0.13","327684295735"
"014790","HL D&I","KOSPI","건설업","2140","45","2.15","81017406140"
"003580","HLB글로벌","KOSPI","광업","3610","25","0.70","152992785530"
"204320","HL만도","KOSPI","운수장비","35850","200","0.56","1683412752000"
"060980","HL홀딩스","KOSPI","기타금융","32950","-50","-0.15","335082059500"
"011200","HMM","KOSPI","운수창고업","15910","410","2.65","10962618381360"
"082740","HSD엔진","KOSPI","기계","8640","450","5.49","618140108160"
"035000","HS애드","KOSPI","서비스업","6360","50","0.79","105368721240"
"003560","IHQ","KOSPI","서비스업","3585","0","0.00","57908659155"
"175330","JB금융지주","KOSPI","기타금융","10890","-20","-0.18","2145143715660"
"234080","JW생명과학","KOSPI","의약품","12700","120","0.95","201098835800"
"001060","JW중외제약","KOSPI","의약품","30200","1300","4.50","689618087200"
"001067","JW중외제약2우B","KOSPI","의약품","63000","100","0.16","12972708000"
"001065","JW중외제약우","KOSPI","의약품","32700","350","1.08","10965127500"
"096760","JW홀딩스","KOSPI","기타금융","3470","20","0.58","251603311730"
"105560","KB금융","KOSPI","기타금융","53900","-700","-1.28","21749246780800"
"432320","KB스타리츠","KOSPI","서비스업","3690","60","1.65","374218711650"
"002380","KCC","KOSPI","화학","243000","6500","2.75","2159412453000"
"344820","KCC글라스","KOSPI","비금속광물","41650","500","1.22","665171824800"
"009070","KCTC","KOSPI","운수창고업","3960","10","0.25","118800000000"
"009440","KC그린홀딩스","KOSPI","기타금융","3375","35","1.05","75718057500"
"119650","KC코트렐","KOSPI","기계","1540","45","3.01","78440562200"
"092220","KEC","KOSPI","전기전자","1438","12","0.84","288697396758"
"003620","KG모빌리티","KOSPI","운수장비","7890","70","0.90","1475083029360"
"016380","KG스틸","KOSPI","철강금속","8120","60","0.74","812072243640"
"001390","KG케미칼","KOSPI","화학","6650","80","1.22","455319116000"
"033180","KH 필룩스","KOSPI","전기전자","1326","0","0.00","84294994836"
"015590","KIB플러그에너지","KOSPI","기계","934","6","0.65","221294062096"
"001940","KISCO홀딩스","KOSPI","철강금속","21550","-300","-1.37","348600989000"
"025000","KPX케미칼","KOSPI","화학","44900","400","0.90","217316000000"
"092230","KPX홀딩스","KOSPI","화학","51800","100","0.19","218836662800"
"000040","KR모터스","KOSPI","운수장비","527","0","0.00","50664971055"
"044450","KSS해운","KOSPI","운수창고업","8380","-50","-0.59","193459674400"
"030200","KT","KOSPI","통신업","33200","150","0.45","8560977232000"
"033780","KT&G","KOSPI","기타제조업","91000","300","0.33","12177847227000"
"058850","KTcs","KOSPI","서비스업","3315","40","1.22","141500775000"
"058860","KTis","KOSPI","서비스업","2940","20","0.68","102317880000"
"093050","LF","KOSPI","섬유의복","13650","50","0.37","399126000000"
"003550","LG","KOSPI","기타금융","85400","100","0.12","13433504802200"
"034220","LG디스플레이","KOSPI","전기전자","13620","10","0.07","4873449834000"
"051900","LG생활건강","KOSPI","화학","344000","6500","1.93","5372659768000"
"051905","LG생활건강우","KOSPI","화학","151800","2300","1.54","318734004600"
"373220","LG에너지솔루션","KOSPI","전기전자","444000","12000","2.78","103896000000000"
"003555","LG우","KOSPI","기타금융","62400","0","0.00","188549088000"
"032640","LG유플러스","KOSPI","통신업","10460","20","0.19","4566954836060"
"011070","LG이노텍","KOSPI","전기전자","250500","1500","0.60","5928610303500"
"066570","LG전자","KOSPI","전기전자","106600","900","0.85","17444856972400"
"066575","LG전자우","KOSPI","전기전자","47550","450","0.96","817193919600"
"037560","LG헬로비전","KOSPI","서비스업","3430","50","1.48","265642746950"
"051910","LG화학","KOSPI","화학","493500","9500","1.96","34837321270500"
"051915","LG화학우","KOSPI","화학","303500","4500","1.51","2333550800000"
"079550","LIG넥스원","KOSPI","기계","93000","-600","-0.64","2046000000000"
"006260","LS","KOSPI","기타금융","80500","3700","4.82","2592100000000"
"010120","LS ELECTRIC","KOSPI","전기전자","70900","1300","1.87","2127000000000"
"000680","LS네트웍스","KOSPI","유통업","4045","85","2.15","318758199720"
"229640","LS전선아시아","KOSPI","기타금융","11480","250","2.23","351573610920"
"108320","LX세미콘","KOSPI","전기전자","93300","2500","2.75","1517459190000"
"001120","LX인터내셔널","KOSPI","유통업","29800","300","1.02","1155048000000"
"108670","LX하우시스","KOSPI","화학","43350","0","0.00","388748494500"
"108675","LX하우시스우","KOSPI","화학","20000","-50","-0.25","20646600000"
"383800","LX홀딩스","KOSPI","기타금융","7230","10","0.14","551509388700"
"38380K","LX홀딩스1우","KOSPI","기타금융","9220","120","1.32","13509927700"
"023150","MH에탄올","KOSPI","음식료품","6840","130","1.94","50469117840"
"035420","NAVER","KOSPI","서비스업","202500","500","0.25","32887740285000"
"181710","NHN","KOSPI","서비스업","22700","300","1.34","793062681400"
"400760","NH올원리츠","KOSPI","서비스업","3505","75","2.19","147911000000"
"005940","NH투자증권","KOSPI","증권","10340","-60","-0.58","3429425623140"
"005945","NH투자증권우","KOSPI","증권","9870","10","0.10","186256454160"
"338100","NH프라임리츠","KOSPI","서비스업","4480","50","1.13","83596800000"
"034310","NICE","KOSPI","서비스업","12270","-130","-1.05","464815821000"
"030190","NICE평가정보","KOSPI","서비스업","8840","40","0.45","536719008800"
"008260","NI스틸","KOSPI","철강금속","5940","70","1.19","169884694980"
"004250","NPC","KOSPI","화학","5450","50","0.93","200124000000"
"004255","NPC우","KOSPI","화학","2730","50","1.87","14414400000"
"456040","OCI","KOSPI","화학","112200","1800","1.63","834400993800"
"010060","OCI홀딩스","KOSPI","화학","103100","-100","-0.10","2042690916500"
"178920","PI첨단소재","KOSPI","화학","29450","100","0.34","864838182900"
"005490","POSCO홀딩스","KOSPI","철강금속","472000","8500","1.83","39917620560000"
"010950","S-Oil","KOSPI","화학","69300","1500","2.21","7801987485600"
"010955","S-Oil우","KOSPI","화학","49350","150","0.30","198482097450"
"034120","SBS","KOSPI","서비스업","25650","250","0.98","468178728300"
"005090","SGC에너지","KOSPI","전기가스업","28350","50","0.18","408504590550"
"001380","SG글로벌","KOSPI","운수장비","1438","22","1.55","64658437634"
"004060","SG세계물산","KOSPI","유통업","421","-3","-0.71","85220908160"
"001770","SHD","KOSPI","철강금속","21350","-100","-0.47","25937645300"
"002360","SH에너지화학","KOSPI","화학","696","15","2.20","77349076080"
"009160","SIMPAC","KOSPI","철강금속","3620","85","2.40","236854847920"
"123700","SJM","KOSPI","운수장비","3745","85","2.32","58440343010"
"025530","SJM홀딩스","KOSPI","유통업","3525","30","0.86","52642378200"
"034730","SK","KOSPI","기타금융","163700","700","0.43","11982566457300"
"011790","SKC","KOSPI","화학","97500","-900","-0.91","3692159055000"
"018670","SK가스","KOSPI","유통업","146500","800","0.55","1352230746000"
"001740","SK네트웍스","KOSPI","유통업","5690","40","0.71","1341578327850"
"006120","SK디스커버리","KOSPI","기타금융","40350","450","1.13","768177449250"
"006125","SK디스커버리우","KOSPI","기타금융","30600","200","0.66","41568723000"
"210980","SK디앤디","KOSPI","서비스업","26850","600","2.29","595805903400"
"068400","SK렌터카","KOSPI","서비스업","10460","-90","-0.85","494609886400"
"395400","SK리츠","KOSPI","서비스업","4070","85","2.13","1099440003530"
"302440","SK바이오사이언스","KOSPI","의약품","67800","700","1.04","5205958318800"
"326030","SK바이오팜","KOSPI","서비스업","87200","1500","1.75","6828915400000"
"402340","SK스퀘어","KOSPI","기타금융","47100","-1500","-3.09","6546006795600"
"361610","SK아이이테크놀로지","KOSPI","전기전자","68000","500","0.74","4848236256000"
"100090","SK오션플랜트","KOSPI","철강금속","15850","440","2.86","938249752800"
"03473K","SK우","KOSPI","기타금융","130800","-100","-0.08","74050458000"
"096770","SK이노베이션","KOSPI","화학","140600","4500","3.31","14152172298400"
"096775","SK이노베이션우","KOSPI","화학","92300","1900","2.10","115229719800"
"001510","SK증권","KOSPI","증권","623","1","0.16","294423676533"
"001515","SK증권우","KOSPI","증권","2050","5","0.24","8020653700"
"285130","SK케미칼","KOSPI","화학","63500","700","1.11","1095615220500"
"28513K","SK케미칼우","KOSPI","화학","29400","250","0.86","62193612600"
"017670","SK텔레콤","KOSPI","통신업","52000","100","0.19","11379323488000"
"000660","SK하이닉스","KOSPI","전기전자","131400","1500","1.15","95659510761000"
"003570","SNT다이내믹스","KOSPI","운수장비","14600","-950","-6.11","485489376200"
"064960","SNT모티브","KOSPI","운수장비","43750","150","0.34","639762200000"
"100840","SNT에너지","KOSPI","기계","21450","-150","-0.69","161018950950"
"036530","SNT홀딩스","KOSPI","기타금융","17210","150","0.88","280589878060"
"005610","SPC삼립","KOSPI","음식료품","64100","200","0.31","553119476900"
"011810","STX","KOSPI","유통업","15470","1470","10.50","365988130690"
"465770","STX그린로지스","KOSPI","운수창고업","12140","680","5.93","87056328480"
"077970","STX엔진","KOSPI","기계","11600","170","1.49","266903286400"
"071970","STX중공업","KOSPI","기계","9550","380","4.14","272677988950"
"002820","SUN&L","KOSPI","종이목재","2600","25","0.97","32780771400"
"084870","TBH글로벌","KOSPI","섬유의복","1860","-45","-2.36","38793683340"
"002710","TCC스틸","KOSPI","철강금속","50700","600","1.20","1329034437900"
"069260","TKG휴켐스","KOSPI","화학","21800","0","0.00","891153218400"
"002900","TYM","KOSPI","기계","5210","120","2.36","234715480760"
"024070","WISCOM","KOSPI","화학","2585","30","1.17","39618842230"
"037270","YG PLUS","KOSPI","서비스업","4255","125","3.03","269892139550"
"000500","가온전선","KOSPI","전기전자","17320","720","4.34","110136598320"
"000860","강남제비스코","KOSPI","화학","20700","100","0.49","134550000000"
"035250","강원랜드","KOSPI","서비스업","15510","150","0.98","3318217155000"
"011420","갤럭시아에스엠","KOSPI","서비스업","1902","37","1.98","52399422888"
"002100","경농","KOSPI","화학","12030","-510","-4.07","234856577250"
"009450","경동나비엔","KOSPI","전기전자","48300","-450","-0.92","703662993600"
"267290","경동도시가스","KOSPI","전기가스업","19840","140","0.71","116964855040"
"012320","경동인베스트","KOSPI","기타금융","70700","-1100","-1.53","167207126100"
"000050","경방","KOSPI","유통업","8500","-20","-0.23","233029795000"
"214390","경보제약","KOSPI","의약품","8480","0","0.00","202730172800"
"012610","경인양행","KOSPI","화학","3725","20","0.54","155020959625"
"009140","경인전자","KOSPI","전기전자","21050","-500","-2.32","33065276850"
"013580","계룡건설","KOSPI","건설업","14210","270","1.94","126908188470"
"012200","계양전기","KOSPI","기계","1937","2","0.10","52730619773"
"012205","계양전기우","KOSPI","기계","3950","-60","-1.50","4617862050"
"002140","고려산업","KOSPI","음식료품","3185","60","1.92","79432068625"
"010130","고려아연","KOSPI","철강금속","496500","8000","1.64","10381113942000"
"002240","고려제강","KOSPI","철강금속","19320","330","1.74","483000000000"
"009290","광동제약","KOSPI","의약품","7070","-20","-0.28","370615416570"
"017040","광명전기","KOSPI","전기전자","2250","10","0.45","97509633750"
"017900","광전자","KOSPI","전기전자","2120","10","0.47","122840777560"
"037710","광주신세계","KOSPI","유통업","30950","0","0.00","246275030500"
"030610","교보증권","KOSPI","증권","4995","15","0.30","569244990195"
"339770","교촌에프앤비","KOSPI","유통업","7390","60","0.82","184620970600"
"007690","국도화학","KOSPI","화학","40150","-50","-0.12","361776232400"
"005320","국동","KOSPI","유통업","720","3","0.42","41307498000"
"001140","국보","KOSPI","운수창고업","3225","20","0.62","40602005025"
"002720","국제약품","KOSPI","의약품","4875","-165","-3.27","103154181000"
"083420","그린케미칼","KOSPI","화학","6930","-80","-1.14","166320000000"
"014530","극동유화","KOSPI","화학","4840","540","12.56","168767992800"
"014280","금강공업","KOSPI","철강금속","5710","110","1.96","167470628470"
"014285","금강공업우","KOSPI","철강금속","9290","240","2.65","5479938750"
"008870","금비","KOSPI","비금속광물","90600","3400","3.90","90600000000"
"001570","금양","KOSPI","화학","99600","1600","1.63","5781783685200"
"002990","금호건설","KOSPI","건설업","5450","50","0.93","201397092750"
"002995","금호건설우","KOSPI","건설업","14100","170","1.22","4120950600"
"011780","금호석유","KOSPI","화학","131000","-100","-0.08","3739745949000"
"011785","금호석유우","KOSPI","화학","63000","0","0.00","190479618000"
"214330","금호에이치티","KOSPI","운수장비","689","4","0.58","135143838856"
"001210","금호전기","KOSPI","전기전자","850","-9","-1.05","31486561050"
"073240","금호타이어","KOSPI","화학","5300","-90","-1.67","1522479521100"
"092440","기신정기","KOSPI","기계","3015","25","0.84","88038000000"
"000270","기아","KOSPI","운수장비","84400","-800","-0.94","33932530733200"
"024110","기업은행","KOSPI","은행","11620","-60","-0.51","9266088597780"
"013700","까뮤이앤씨","KOSPI","건설업","1626","1","0.06","73417607280"
"004540","깨끗한나라","KOSPI","종이목재","1916","5","0.26","71353167788"
"004545","깨끗한나라우","KOSPI","종이목재","12740","200","1.59","4664878400"
"001260","남광토건","KOSPI","건설업","7900","-90","-1.13","77677318800"
"008350","남선알미늄","KOSPI","철강금속","2090","75","3.72","269775298100"
"008355","남선알미우","KOSPI","철강금속","21000","800","3.96","6465690000"
"004270","남성","KOSPI","유통업","2165","-65","-2.91","78399326400"
"003920","남양유업","KOSPI","음식료품","492500","-1500","-0.30","354600000000"
"003925","남양유업우","KOSPI","음식료품","252500","1000","0.40","50500000000"
"025860","남해화학","KOSPI","화학","7410","80","1.09","368120226630"
"005720","넥센","KOSPI","화학","4175","0","0.00","223546103975"
"005725","넥센우","KOSPI","화학","2860","25","0.88","10297716000"
"002350","넥센타이어","KOSPI","화학","8160","-180","-2.16","796969876320"
"002355","넥센타이어1우B","KOSPI","화학","2980","-40","-1.32","19370000000"
"092790","넥스틸","KOSPI","철강금속","8880","120","1.37","230897760000"
"251270","넷마블","KOSPI","서비스업","50000","2050","4.28","4297675100000"
"090350","노루페인트","KOSPI","화학","9890","180","1.85","197800000000"
"090355","노루페인트우","KOSPI","화학","20800","1270","6.50","9633020800"
"000320","노루홀딩스","KOSPI","기타금융","12130","200","1.68","161221661630"
"000325","노루홀딩스우","KOSPI","기타금융","63100","-3300","-4.97","15368572900"
"006280","녹십자","KOSPI","의약품","112500","-4100","-3.52","1314735525000"
"005250","녹십자홀딩스","KOSPI","서비스업","15100","-130","-0.85","710125971000"
"005257","녹십자홀딩스2우","KOSPI","서비스업","29900","350","1.18","25295101000"
"004370","농심","KOSPI","음식료품","422500","-1000","-0.24","2569916245000"
"072710","농심홀딩스","KOSPI","기타금융","65000","100","0.15","301456350000"
"058730","다스코","KOSPI","기계","4465","170","3.96","86607341565"
"030210","다올투자증권","KOSPI","증권","4240","-15","-0.35","258263089440"
"023590","다우기술","KOSPI","서비스업","17640","80","0.46","791447123880"
"145210","다이나믹디자인","KOSPI","기계","3625","35","0.97","62716462125"
"019680","대교","KOSPI","서비스업","2420","20","0.83","204980897000"
"019685","대교우B","KOSPI","서비스업","1363","8","0.59","26478987370"
"006370","대구백화점","KOSPI","유통업","11700","-60","-0.51","126612848700"
"008060","대덕","KOSPI","기타금융","6400","60","0.95","216896960000"
"00806K","대덕1우","KOSPI","기타금융","8280","-40","-0.48","10038315960"
"353200","대덕전자","KOSPI","전기전자","25450","800","3.25","1257660741250"
"35320K","대덕전자1우","KOSPI","전기전자","9380","150","1.63","19655968220"
"000490","대동","KOSPI","기계","14000","780","5.90","354886854000"
"008110","대동전자","KOSPI","전기전자","7660","-60","-0.78","80356824020"
"005750","대림B&Co","KOSPI","비금속광물","3760","10","0.27","62687622400"
"006570","대림통상","KOSPI","기계","2995","-35","-1.16","45598875000"
"001680","대상","KOSPI","음식료품","20400","-150","-0.73","706819710000"
"001685","대상우","KOSPI","음식료품","14340","50","0.35","19648997820"
"084690","대상홀딩스","KOSPI","기타금융","6880","100","1.47","249142261440"
"084695","대상홀딩스우","KOSPI","기타금융","7330","130","1.81","6695823060"
"128820","대성산업","KOSPI","유통업","3520","50","1.44","159228882560"
"117580","대성에너지","KOSPI","전기가스업","8120","90","1.12","223300000000"
"016710","대성홀딩스","KOSPI","서비스업","10130","90","0.90","162986219670"
"003540","대신증권","KOSPI","증권","14390","90","0.63","730629226000"
"003547","대신증권2우B","KOSPI","증권","13070","60","0.46","130700000000"
"003545","대신증권우","KOSPI","증권","13710","120","0.88","356460000000"
"009190","대양금속","KOSPI","철강금속","1278","-8","-0.62","48176912970"
"014160","대영포장","KOSPI","종이목재","1125","0","0.00","121943867625"
"047040","대우건설","KOSPI","건설업","4460","-15","-0.34","1853676965480"
"009320","대우부품","KOSPI","운수장비","1420","11","0.78","70005673400"
"003090","대웅","KOSPI","의약품","16970","-530","-3.03","986669400600"
"069620","대웅제약","KOSPI","의약품","108600","1200","1.12","1258302045000"
"000430","대원강업","KOSPI","운수장비","5360","20","0.37","332320000000"
"006340","대원전선","KOSPI","전기전자","1124","8","0.72","80888136216"
"006345","대원전선우","KOSPI","전기전자","2165","-5","-0.23","5674898000"
"003220","대원제약","KOSPI","의약품","16200","70","0.43","355827654000"
"024890","대원화성","KOSPI","화학","2050","50","2.50","84560761600"
"002880","대유에이텍","KOSPI","운수장비","409","-6","-1.45","47522077282"
"000300","대유플러스","KOSPI","전기전자","337","11","3.37","42615304333"
"012800","대창","KOSPI","철강금속","1242","10","0.81","113196499758"
"015230","대창단조","KOSPI","운수장비","6130","100","1.66","175147769900"
"001070","대한방직","KOSPI","섬유의복","8240","10","0.12","43672000000"
"006650","대한유화","KOSPI","화학","160000","-200","-0.12","1040000000000"
"001440","대한전선","KOSPI","전기전자","11990","110","0.93","1492123127000"
"084010","대한제강","KOSPI","철강금속","13640","220","1.64","319372375080"
"001790","대한제당","KOSPI","음식료품","3050","30","0.99","273574569000"
"001795","대한제당우","KOSPI","음식료품","2620","-10","-0.38","16984831200"
"001130","대한제분","KOSPI","음식료품","129100","100","0.08","218179000000"
"003490","대한항공","KOSPI","운수창고업","22350","-200","-0.89","8229731773350"
"003495","대한항공우","KOSPI","운수창고업","23600","0","0.00","26214738400"
"005880","대한해운","KOSPI","운수창고업","1714","19","1.12","547070166440"
"003830","대한화섬","KOSPI","화학","100400","600","0.60","133331200000"
"016090","대현","KOSPI","섬유의복","2095","15","0.72","92771439450"
"069460","대호에이엘","KOSPI","철강금속","1208","26","2.20","80048159864"
"192080","더블유게임즈","KOSPI","서비스업","46400","400","0.87","844051124800"
"012510","더존비즈온","KOSPI","서비스업","29000","300","1.05","881100736000"
"004830","덕성","KOSPI","화학","5140","80","1.58","80595200000"
"004835","덕성우","KOSPI","화학","4755","35","0.74","6618960000"
"024900","덕양산업","KOSPI","운수장비","4345","155","3.70","141494838100"
"145720","덴티움","KOSPI","의료정밀","124000","-1500","-1.20","1372534920000"
"002150","도화엔지니어링","KOSPI","서비스업","8170","240","3.03","275492400000"
"460850","동국씨엠","KOSPI","철강금속","7180","130","1.84","214672350080"
"460860","동국제강","KOSPI","철강금속","10990","530","5.07","545192106830"
"001230","동국홀딩스","KOSPI","철강금속","9190","50","0.55","292246438770"
"023450","동남합성","KOSPI","화학","34900","150","0.43","122150000000"
"004140","동방","KOSPI","운수창고업","1954","24","1.24","93736830764"
"007590","동방아그로","KOSPI","화학","6270","-60","-0.95","85382207790"
"005960","동부건설","KOSPI","건설업","5990","100","1.70","137020429370"
"005965","동부건설우","KOSPI","건설업","24900","300","1.22","5620726800"
"026960","동서","KOSPI","유통업","18260","90","0.50","1820522000000"
"002210","동성제약","KOSPI","의약품","6290","-110","-1.72","164175101300"
"102260","동성케미컬","KOSPI","서비스업","4360","45","1.04","216647214080"
"000640","동아쏘시오홀딩스","KOSPI","기타금융","94500","300","0.32","599972278500"
"170900","동아에스티","KOSPI","의약품","57900","-200","-0.34","498806473500"
"028100","동아지질","KOSPI","건설업","13680","130","0.96","192240197280"
"282690","동아타이어","KOSPI","화학","12070","120","1.00","165757491050"
"001520","동양","KOSPI","비금속광물","1003","4","0.40","239400115189"
"001527","동양2우B","KOSPI","비금속광물","10700","0","0.00","3301688300"
"084670","동양고속","KOSPI","운수창고업","13040","20","0.15","37758219760"
"082640","동양생명","KOSPI","보험","4560","45","1.00","735795147600"
"001525","동양우","KOSPI","비금속광물","5380","0","0.00","3323392780"
"008970","동양철관","KOSPI","철강금속","774","9","1.18","92017214460"
"092780","동양피스톤","KOSPI","운수장비","5360","20","0.37","70582945600"
"049770","동원F&B","KOSPI","음식료품","31650","-100","-0.31","610706373000"
"018500","동원금속","KOSPI","운수장비","1664","-26","-1.54","77800208512"
"006040","동원산업","KOSPI","기타금융","30800","0","0.00","1431666082000"
"030720","동원수산","KOSPI","농업, 임업 및 어업","6890","90","1.32","32064716450"
"014820","동원시스템즈","KOSPI","화학","31150","50","0.16","903078434300"
"014825","동원시스템즈우","KOSPI","화학","23550","-150","-0.63","6219814050"
"163560","동일고무벨트","KOSPI","화학","6200","-80","-1.27","86180000000"
"004890","동일산업","KOSPI","철강금속","47850","-50","-0.10","116046537750"
"002690","동일제강","KOSPI","철강금속","1888","7","0.37","38327079680"
"000020","동화약품","KOSPI","의약품","9600","100","1.05","268142112000"
"000150","두산","KOSPI","기타금융","83800","1700","2.07","1384697373000"
"000157","두산2우B","KOSPI","기타금융","69500","1100","1.61","62066141000"
"454910","두산로보틱스","KOSPI","기계","58500","7100","13.81","3791968830000"
"241560","두산밥캣","KOSPI","기계","41800","900","2.20","4190415138800"
"034020","두산에너빌리티","KOSPI","기계","14680","290","2.02","9403437623280"
"000155","두산우","KOSPI","기타금융","51800","600","1.17","207016731600"
"336260","두산퓨얼셀","KOSPI","전기전자","20400","1520","8.05","1336072010400"
"33626K","두산퓨얼셀1우","KOSPI","전기전자","6520","200","3.16","87134584000"
"33626L","두산퓨얼셀2우B","KOSPI","전기전자","9070","440","5.10","27085741000"
"016740","두올","KOSPI","운수장비","3335","70","2.14","110277377800"
"192650","드림텍","KOSPI","전기전자","11390","180","1.61","781575273530"
"024090","디씨엠","KOSPI","철강금속","10960","160","1.48","124944000000"
"003160","디아이","KOSPI","의료정밀","6140","180","3.02","173762000000"
"092200","디아이씨","KOSPI","운수장비","5340","20","0.38","207664958460"
"377190","디앤디플랫폼리츠","KOSPI","서비스업","3125","25","0.81","201250000000"
"013570","디와이","KOSPI","기타금융","5910","90","1.55","155549031030"
"210540","디와이파워","KOSPI","기계","12700","310","2.50","140229691600"
"115390","락앤락","KOSPI","화학","5840","50","0.86","253026240240"
"032350","롯데관광개발","KOSPI","서비스업","10920","70","0.65","826881411720"
"089860","롯데렌탈","KOSPI","서비스업","26750","200","0.75","979961185250"
"330590","롯데리츠","KOSPI","서비스업","3200","40","1.27","777500428800"
"000400","롯데손해보험","KOSPI","보험","2440","15","0.62","757220620800"
"023530","롯데쇼핑","KOSPI","유통업","79200","0","0.00","2240469396000"
"020150","롯데에너지머티리얼즈","KOSPI","전기전자","43050","1700","4.11","1985071446750"
"280360","롯데웰푸드","KOSPI","음식료품","125400","-1200","-0.95","1183095579600"
"004000","롯데정밀화학","KOSPI","화학","59000","0","0.00","1522200000000"
"286940","롯데정보통신","KOSPI","서비스업","28350","600","2.16","436485983850"
"004990","롯데지주","KOSPI","기타금융","29000","-250","-0.85","3042367873000"
"00499K","롯데지주우","KOSPI","기타금융","35200","-50","-0.14","28357225600"
"005300","롯데칠성","KOSPI","음식료품","151100","-3600","-2.33","1402039372400"
"005305","롯데칠성우","KOSPI","음식료품","69800","200","0.29","54116638000"
"011170","롯데케미칼","KOSPI","화학","156800","1900","1.23","6707185699200"
"071840","롯데하이마트","KOSPI","유통업","10430","-70","-0.67","246228436160"
"027740","마니커","KOSPI","음식료품","1078","6","0.56","68465103784"
"357430","마스턴프리미어리츠","KOSPI","서비스업","2520","60","2.44","66981600000"
"001080","만호제강","KOSPI","철강금속","47150","0","0.00","195672500000"
"088980","맥쿼리인프라","KOSPI","기타금융","12510","160","1.30","5451624751050"
"094800","맵스리얼티1","KOSPI","기타금융","4100","85","2.12","380620757100"
"138040","메리츠금융지주","KOSPI","기타금융","54500","-1400","-2.50","11347873261000"
"090370","메타랩스","KOSPI","섬유의복","2265","-10","-0.44","56409120585"
"017180","명문제약","KOSPI","의약품","2300","5","0.22","78092944200"
"009900","명신산업","KOSPI","운수장비","18780","930","5.21","985389097740"
"012690","모나리자","KOSPI","종이목재","2610","-10","-0.38","95450975550"
"005360","모나미","KOSPI","유통업","2955","5","0.17","55841542185"
"204210","모두투어리츠","KOSPI","서비스업","6070","50","0.83","47508767050"
"009680","모토닉","KOSPI","운수장비","8520","70","0.83","281160000000"
"009580","무림P&P","KOSPI","종이목재","3145","10","0.32","196148378980"
"009200","무림페이퍼","KOSPI","종이목재","2165","10","0.46","90084156150"
"033920","무학","KOSPI","음식료품","5480","-40","-0.72","156180000000"
"008420","문배철강","KOSPI","철강금속","3090","10","0.32","63355830450"
"025560","미래산업","KOSPI","의료정밀","2910","-65","-2.18","88550630700"
"007120","미래아이앤지","KOSPI","서비스업","1237","44","3.69","34491993408"
"396690","미래에셋글로벌리츠","KOSPI","서비스업","2440","60","2.52","70906400000"
"357250","미래에셋맵스리츠","KOSPI","서비스업","3210","45","1.42","64521000000"
"085620","미래에셋생명","KOSPI","보험","5040","125","2.54","892161592560"
"006800","미래에셋증권","KOSPI","증권","7300","-70","-0.95","4418809778400"
"00680K","미래에셋증권2우B","KOSPI","증권","3610","25","0.70","505400000000"
"006805","미래에셋증권우","KOSPI","증권","3845","0","0.00","54121258750"
"002840","미원상사","KOSPI","화학","163200","-100","-0.06","791520000000"
"268280","미원에스씨","KOSPI","화학","138300","-1100","-0.79","691500000000"
"107590","미원홀딩스","KOSPI","기타금융","84500","200","0.24","196040000000"
"134380","미원화학","KOSPI","화학","67200","-800","-1.18","147790809600"
"003650","미창석유","KOSPI","화학","75300","1000","1.35","130997301600"
"155900","바다로19호","KOSPI","서비스업","3130","0","0.00","47576012520"
"377740","바이오노트","KOSPI","의약품","4155","60","1.47","424042879440"
"003610","방림","KOSPI","섬유의복","1981","20","1.02","83824212290"
"001340","백광산업","KOSPI","화학","7790","0","0.00","349914390530"
"035150","백산","KOSPI","화학","9530","120","1.28","214425000000"
"002410","범양건영","KOSPI","건설업","2090","45","2.20","51898842380"
"007210","벽산","KOSPI","비금속광물","2935","-30","-1.01","201223600000"
"002760","보락","KOSPI","화학","1274","11","0.87","76312600000"
"003850","보령","KOSPI","의약품","9710","70","0.73","666979900000"
"000890","보해양조","KOSPI","음식료품","542","7","1.31","75403109918"
"003000","부광약품","KOSPI","의약품","6020","40","0.67","427799554980"
"001270","부국증권","KOSPI","증권","22200","50","0.23","230211469200"
"001275","부국증권우","KOSPI","증권","19400","60","0.31","58200000000"
"026940","부국철강","KOSPI","철강금속","3710","130","3.63","74200000000"
"011390","부산산업","KOSPI","비금속광물","61600","700","1.15","65049600000"
"005030","부산주공","KOSPI","운수장비","486","0","0.00","38288532168"
"002070","비비안","KOSPI","섬유의복","1267","0","0.00","37748985330"
"100220","비상교육","KOSPI","서비스업","4370","130","3.07","56795758170"
"090460","비에이치","KOSPI","전기전자","21250","600","2.91","732368053750"
"030790","비케이탑스","KOSPI","서비스업","904","0","0.00","19208323080"
"005180","빙그레","KOSPI","음식료품","58900","-400","-0.67","580238094900"
"003960","사조대림","KOSPI","음식료품","29500","0","0.00","270351776500"
"008040","사조동아원","KOSPI","음식료품","928","-4","-0.43","130982188800"
"007160","사조산업","KOSPI","농업, 임업 및 어업","39450","200","0.51","197250000000"
"014710","사조씨푸드","KOSPI","음식료품","3640","55","1.53","62675496520"
"006090","사조오양","KOSPI","음식료품","8420","100","1.20","79339462380"
"001470","삼부토건","KOSPI","건설업","2515","30","1.21","513712023810"
"448730","삼성FN리츠","KOSPI","서비스업","5060","10","0.20","391138000000"
"006400","삼성SDI","KOSPI","전기전자","460500","16500","3.72","31666066065000"
"006405","삼성SDI우","KOSPI","전기전자","247000","6500","2.70","399620312000"
"006660","삼성공조","KOSPI","운수장비","9150","30","0.33","74355773100"
"028260","삼성물산","KOSPI","유통업","116900","-1000","-0.85","21695666223000"
"02826K","삼성물산우B","KOSPI","유통업","87300","-300","-0.34","142074202500"
"207940","삼성바이오로직스","KOSPI","의약품","720000","-3000","-0.41","51245280000000"
"032830","삼성생명","KOSPI","보험","69200","100","0.14","13840000000000"
"018260","삼성에스디에스","KOSPI","서비스업","145500","-2100","-1.42","11258469900000"
"028050","삼성엔지니어링","KOSPI","서비스업","25900","650","2.57","5076400000000"
"009150","삼성전기","KOSPI","전기전자","138100","-1300","-0.93","10315199417600"
"009155","삼성전기우","KOSPI","전기전자","64900","300","0.46","188663261600"
"005930","삼성전자","KOSPI","전기전자","72700","200","0.28","434003191385000"
"005935","삼성전자우","KOSPI","전기전자","57500","0","0.00","47315985250000"
"001360","삼성제약","KOSPI","의약품","2380","-180","-7.03","159845748020"
"010140","삼성중공업","KOSPI","운수장비","7720","320","4.32","6793600000000"
"016360","삼성증권","KOSPI","증권","38850","50","0.13","3469305000000"
"068290","삼성출판사","KOSPI","서비스업","15400","550","3.70","154000000000"
"029780","삼성카드","KOSPI","기타금융","33000","0","0.00","3823343403000"
"000810","삼성화재","KOSPI","보험","249500","4500","1.84","11820021831500"
"000815","삼성화재우","KOSPI","보험","185500","900","0.49","592116000000"
"006110","삼아알미늄","KOSPI","철강금속","114100","1000","0.88","1678629615600"
"145990","삼양사","KOSPI","음식료품","44350","500","1.14","457401463150"
"145995","삼양사우","KOSPI","음식료품","24750","250","1.02","9159232500"
"003230","삼양식품","KOSPI","음식료품","195000","1800","0.93","1468937925000"
"002170","삼양통상","KOSPI","기타제조업","47100","-250","-0.53","141300000000"
"272550","삼양패키징","KOSPI","화학","15780","-20","-0.13","249145228380"
"000070","삼양홀딩스","KOSPI","기타금융","70600","300","0.43","604637532600"
"000075","삼양홀딩스우","KOSPI","기타금융","53300","0","0.00","16206291400"
"003720","삼영","KOSPI","화학","5440","220","4.21","184960000000"
"002810","삼영무역","KOSPI","유통업","12550","80","0.64","231760197400"
"005680","삼영전자","KOSPI","전기전자","8150","50","0.62","163000000000"
"023000","삼원강재","KOSPI","운수장비","2960","-55","-1.82","118400000000"
"004380","삼익THK","KOSPI","기계","10510","80","0.77","220710000000"
"002450","삼익악기","KOSPI","기타제조업","1081","1","0.09","97863919115"
"004440","삼일씨엔에스","KOSPI","비금속광물","4930","135","2.82","62768498710"
"000520","삼일제약","KOSPI","의약품","6140","10","0.16","93492466040"
"009770","삼정펄프","KOSPI","종이목재","24950","50","0.20","62374276450"
"005500","삼진제약","KOSPI","의약품","22200","-50","-0.22","308580000000"
"004690","삼천리","KOSPI","전기가스업","97300","2000","2.10","394553932500"
"010960","삼호개발","KOSPI","건설업","3400","20","0.59","85000000000"
"004450","삼화왕관","KOSPI","기계","33300","650","1.99","71740820700"
"009470","삼화전기","KOSPI","전기전자","15230","290","1.94","100728478600"
"011230","삼화전자","KOSPI","전기전자","3710","5","0.13","44901017000"
"001820","삼화콘덴서","KOSPI","전기전자","36700","400","1.10","381496500000"
"000390","삼화페인트","KOSPI","화학","6540","90","1.40","177910687260"
"001290","상상인증권","KOSPI","증권","765","-1","-0.13","82877896800"
"041650","상신브레이크","KOSPI","운수장비","3525","-15","-0.42","75686861250"
"075180","새론오토모티브","KOSPI","운수장비","3850","-50","-1.28","73920000000"
"007540","샘표","KOSPI","기타금융","48100","800","1.69","138325980000"
"248170","샘표식품","KOSPI","음식료품","27000","350","1.31","123343722000"
"007860","서연","KOSPI","기타금융","8100","30","0.37","190186736400"
"200880","서연이화","KOSPI","운수장비","16680","-270","-1.59","450834329160"
"017390","서울가스","KOSPI","전기가스업","61200","700","1.16","306000000000"
"004410","서울식품","KOSPI","음식료품","184","2","1.10","68955022856"
"004415","서울식품우","KOSPI","음식료품","1720","-5","-0.29","3826140000"
"021050","서원","KOSPI","철강금속","1335","14","1.06","63378577650"
"008490","서흥","KOSPI","화학","27150","200","0.74","314101417950"
"007610","선도전기","KOSPI","전기전자","3000","0","0.00","54000000000"
"136490","선진","KOSPI","음식료품","7100","0","0.00","168835188400"
"014910","성문전자","KOSPI","전기전자","1445","18","1.26","32456123325"
"014915","성문전자우","KOSPI","전기전자","5880","-10","-0.17","3528000000"
"003080","성보화학","KOSPI","화학","3035","80","2.71","60760700000"
"004980","성신양회","KOSPI","비금속광물","8580","10","0.12","210347906340"
"004985","성신양회우","KOSPI","비금속광물","11680","70","0.60","8592333600"
"011300","성안","KOSPI","섬유의복","1775","-42","-2.31","119548108425"
"000180","성창기업지주","KOSPI","서비스업","1840","10","0.55","128342944000"
"002420","세기상사","KOSPI","유통업","6710","210","3.23","37299870080"
"004360","세방","KOSPI","운수창고업","11560","250","2.21","223208456400"
"004365","세방우","KOSPI","운수창고업","6970","-10","-0.14","25714072500"
"004490","세방전지","KOSPI","전기전자","54500","900","1.68","763000000000"
"001430","세아베스틸지주","KOSPI","철강금속","23600","-350","-1.46","846346008400"
"306200","세아제강","KOSPI","철강금속","128000","100","0.08","363046400000"
"003030","세아제강지주","KOSPI","기타금융","188400","2300","1.24","780288178800"
"019440","세아특수강","KOSPI","철강금속","14170","90","0.64","121436900000"
"058650","세아홀딩스","KOSPI","철강금속","104600","1000","0.97","418400000000"
"013000","세우글로벌","KOSPI","유통업","1341","13","0.98","38493446571"
"091090","세원이앤씨","KOSPI","기계","1270","0","0.00","54838923850"
"021820","세원정공","KOSPI","운수장비","6650","110","1.68","66500000000"
"067830","세이브존I&C","KOSPI","유통업","2330","25","1.08","95625285350"
"033530","세종공업","KOSPI","운수장비","5580","20","0.36","155240962380"
"075580","세진중공업","KOSPI","운수장비","4420","120","2.79","251274595520"
"068270","셀트리온","KOSPI","의약품","169900","1500","0.89","24873830623000"
"336370","솔루스첨단소재","KOSPI","전기전자","23800","700","3.03","835646441000"
"33637K","솔루스첨단소재1우","KOSPI","전기전자","5240","80","1.55","44305347560"
"33637L","솔루스첨단소재2우B","KOSPI","전기전자","7360","-120","-1.60","13905616000"
"248070","솔루엠","KOSPI","전기전자","28050","900","3.31","1402655705550"
"004430","송원산업","KOSPI","화학","17840","300","1.71","428160000000"
"126720","수산인더스트리","KOSPI","건설업","19120","110","0.58","273148320000"
"017550","수산중공업","KOSPI","기계","2075","20","0.97","129478194750"
"053210","스카이라이프","KOSPI","서비스업","5920","60","1.02","283106038720"
"026890","스틱인베스트먼트","KOSPI","기타금융","6160","10","0.16","256737558000"
"134790","시디즈","KOSPI","기타제조업","28000","500","1.82","56000000000"
"016590","신대양제지","KOSPI","종이목재","5700","40","0.71","229697574000"
"029530","신도리코","KOSPI","전기전자","33200","400","1.22","334656962800"
"004970","신라교역","KOSPI","농업, 임업 및 어업","8990","110","1.24","143840000000"
"011930","신성이엔지","KOSPI","전기전자","1970","30","1.55","405520857470"
"005390","신성통상","KOSPI","유통업","1997","-3","-0.15","286985654830"
"004170","신세계","KOSPI","유통업","173300","800","0.46","1706169867300"
"035510","신세계 I&C","KOSPI","서비스업","12200","80","0.66","209840000000"
"034300","신세계건설","KOSPI","건설업","13620","420","3.18","54480000000"
"031430","신세계인터내셔날","KOSPI","유통업","16730","200","1.21","597261000000"
"031440","신세계푸드","KOSPI","서비스업","39650","-300","-0.75","153543832000"
"006880","신송홀딩스","KOSPI","유통업","6600","410","6.62","78070462800"
"005800","신영와코루","KOSPI","섬유의복","9460","130","1.39","85140000000"
"001720","신영증권","KOSPI","증권","58500","100","0.17","549094864500"
"001725","신영증권우","KOSPI","증권","58400","300","0.52","411939759200"
"009270","신원","KOSPI","섬유의복","1318","13","1.00","135208817208"
"002700","신일전자","KOSPI","유통업","1883","7","0.37","133782482043"
"002870","신풍","KOSPI","유통업","852","7","0.83","29784812400"
"019170","신풍제약","KOSPI","의약품","12820","190","1.50","679267571800"
"019175","신풍제약우","KOSPI","의약품","19990","0","0.00","43978000000"
"404990","신한서부티엔디리츠","KOSPI","서비스업","3715","40","1.09","207876109060"
"293940","신한알파리츠","KOSPI","서비스업","6230","60","0.97","548863766290"
"055550","신한지주","KOSPI","기타금융","36300","200","0.55","18712802060700"
"004080","신흥","KOSPI","유통업","14210","10","0.07","134995000000"
"102280","쌍방울","KOSPI","섬유의복","269","0","0.00","70637282701"
"003410","쌍용C&E","KOSPI","비금속광물","5960","20","0.34","2972233929280"
"004770","써니전자","KOSPI","전기전자","2410","5","0.21","83976476510"
"403550","쏘카","KOSPI","서비스업","14140","600","4.43","463626236780"
"004920","씨아이테크","KOSPI","기타제조업","1836","-49","-2.60","91920795948"
"112610","씨에스윈드","KOSPI","기계","52200","3350","6.86","2201347236600"
"308170","씨티알모빌리티","KOSPI","운수장비","12430","290","2.39","107022300000"
"008700","아남전자","KOSPI","전기전자","1868","38","2.08","144069163760"
"002790","아모레G","KOSPI","화학","29700","-150","-0.50","2449007946000"
"00279K","아모레G3우(전환)","KOSPI","화학","18980","-20","-0.11","134609956000"
"002795","아모레G우","KOSPI","화학","9900","20","0.20","63793323000"
"090430","아모레퍼시픽","KOSPI","화학","135700","0","0.00","7937467396300"
"090435","아모레퍼시픽우","KOSPI","화학","37000","-250","-0.67","390639710000"
"002030","아세아","KOSPI","서비스업","163300","-1400","-0.85","348809453200"
"183190","아세아시멘트","KOSPI","비금속광물","10640","-420","-3.80","414514077600"
"002310","아세아제지","KOSPI","종이목재","39500","0","0.00","353781829000"
"012170","아센디오","KOSPI","서비스업","1226","124","11.25","112452995062"
"267850","아시아나IDT","KOSPI","서비스업","16750","-40","-0.24","185925000000"
"020560","아시아나항공","KOSPI","운수창고업","11000","110","1.01","818529404000"
"122900","아이마켓코리아","KOSPI","유통업","8160","90","1.12","272779334400"
"010780","아이에스동서","KOSPI","비금속광물","28000","200","0.72","864992968000"
"139990","아주스틸","KOSPI","철강금속","6780","120","1.80","179345841420"
"001780","알루코","KOSPI","철강금속","2910","40","1.39","280565706120"
"018250","애경산업","KOSPI","화학","19630","10","0.05","518427024050"
"161000","애경케미칼","KOSPI","화학","12160","440","3.75","591568301440"
"011090","에넥스","KOSPI","기타제조업","546","-1","-0.18","32755435986"
"137310","에스디바이오센서","KOSPI","의료정밀","10900","40","0.37","1356803147700"
"118000","에스메디","KOSPI","유통업","404","1","0.25","57682054652"
"005850","에스엘","KOSPI","운수장비","32600","-700","-2.10","1514221752000"
"010580","에스엠벡셀","KOSPI","운수장비","1917","17","0.89","213269623920"
"012750","에스원","KOSPI","서비스업","59200","-600","-1.00","2249551337600"
"023960","에쓰씨엔지니어링","KOSPI","건설업","1800","-3","-0.17","58186819800"
"298690","에어부산","KOSPI","운수창고업","3015","-70","-2.27","351669600000"
"140910","에이리츠","KOSPI","서비스업","3765","-15","-0.40","16803315480"
"078520","에이블씨엔씨","KOSPI","화학","7910","20","0.25","205772013510"
"015260","에이엔피","KOSPI","전기전자","1800","160","9.76","80489961000"
"007460","에이프로젠","KOSPI","기계","961","59","6.54","254508604938"
"003060","에이프로젠바이오로직스","KOSPI","의약품","315","11","3.62","209712727035"
"244920","에이플러스에셋","KOSPI","기타금융","4130","5","0.12","93369772090"
"450080","에코프로머티","KOSPI","전기전자","74300","17100","29.90","5069262979400"
"036570","엔씨소프트","KOSPI","서비스업","253500","9500","3.89","5565344577000"
"380440","엔에이치스팩19호","KOSPI","기타금융","10180","-10","-0.10","104426440000"
"085310","엔케이","KOSPI","기계","995","12","1.22","79583435240"
"900140","엘브이엠씨홀딩스","KOSPI","유통업","2440","35","1.46","418675722840"
"097520","엠씨넥스","KOSPI","전기전자","29450","150","0.51","529444207400"
"014440","영보화학","KOSPI","화학","3500","20","0.57","70000000000"
"111770","영원무역","KOSPI","유통업","46800","200","0.43","2073776702400"
"009970","영원무역홀딩스","KOSPI","기타금융","78000","700","0.91","1063576176000"
"003520","영진약품","KOSPI","의약품","2210","-20","-0.90","404192935510"
"000670","영풍","KOSPI","철강금속","509000","1000","0.20","937598360000"
"006740","영풍제지","KOSPI","종이목재","3135","-15","-0.48","145721533980"
"012280","영화금속","KOSPI","운수장비","984","26","2.71","52540192920"
"012160","영흥","KOSPI","철강금속","574","6","1.06","58152153528"
"015360","예스코홀딩스","KOSPI","서비스업","35200","300","0.86","211200000000"
"007310","오뚜기","KOSPI","음식료품","397500","0","0.00","1593112425000"
"002630","오리엔트바이오","KOSPI","의약품","615","0","0.00","72928548075"
"271560","오리온","KOSPI","음식료품","120300","-300","-0.25","4756196679600"
"001800","오리온홀딩스","KOSPI","기타금융","15840","-60","-0.38","992303484480"
"011690","와이투솔루션","KOSPI","전기전자","2830","0","0.00","103505535020"
"070960","용평리조트","KOSPI","서비스업","3020","0","0.00","145362665660"
"316140","우리금융지주","KOSPI","기타금융","12490","-20","-0.16","9391848767890"
"006980","우성","KOSPI","음식료품","20900","-300","-1.42","64581000000"
"017370","우신시스템","KOSPI","기계","8290","0","0.00","151823507660"
"105840","우진","KOSPI","의료정밀","8670","0","0.00","176205733380"
"010400","우진아이엔에스","KOSPI","건설업","4955","5","0.10","37767010000"
"049800","우진플라임","KOSPI","기계","3205","50","1.58","64100000000"
"016880","웅진","KOSPI","서비스업","1713","-75","-4.19","136915088040"
"095720","웅진씽크빅","KOSPI","서비스업","2540","0","0.00","293385201900"
"005820","원림","KOSPI","섬유의복","19990","-60","-0.30","45936420300"
"010600","웰바이오텍","KOSPI","유통업","1433","3","0.21","130293242231"
"008600","윌비스","KOSPI","유통업","717","38","5.60","48208239963"
"033270","유나이티드제약","KOSPI","의약품","24900","350","1.43","404496067800"
"014830","유니드","KOSPI","화학","77600","-500","-0.64","525165760000"
"446070","유니드비티플러스","KOSPI","종이목재","9060","100","1.12","96137607900"
"000910","유니온","KOSPI","비금속광물","5180","70","1.37","80868186420"
"047400","유니온머티리얼","KOSPI","비금속광물","2720","35","1.30","114240000000"
"011330","유니켐","KOSPI","기타제조업","1734","-10","-0.57","167716646802"
"077500","유니퀘스트","KOSPI","유통업","5610","10","0.18","122264424150"
"002920","유성기업","KOSPI","운수장비","2840","10","0.35","73690900000"
"000700","유수홀딩스","KOSPI","서비스업","5950","40","0.68","154948781400"
"003470","유안타증권","KOSPI","증권","2535","-10","-0.39","505977320160"
"003475","유안타증권우","KOSPI","증권","2580","-10","-0.39","33313506960"
"072130","유엔젤","KOSPI","서비스업","3430","80","2.39","45260407220"
"000220","유유제약","KOSPI","의약품","5090","260","5.38","86694666590"
"000225","유유제약1우","KOSPI","의약품","5400","770","16.63","12241422000"
"000227","유유제약2우B","KOSPI","의약품","13260","3060","30.00","4316925600"
"001200","유진투자증권","KOSPI","증권","3980","-170","-4.10","385528343640"
"000100","유한양행","KOSPI","의약품","62200","600","0.97","4766924465400"
"000105","유한양행우","KOSPI","의약품","58800","800","1.38","69439272000"
"003460","유화증권","KOSPI","증권","2185","20","0.92","123894776775"
"003465","유화증권우","KOSPI","증권","2175","-55","-2.47","38011224375"
"008730","율촌화학","KOSPI","화학","34700","0","0.00","860560000000"
"008250","이건산업","KOSPI","종이목재","7150","30","0.42","78311340250"
"025820","이구산업","KOSPI","철강금속","3615","75","2.12","120892830000"
"214320","이노션","KOSPI","서비스업","42200","-400","-0.94","844000000000"
"088260","이리츠코크렙","KOSPI","서비스업","5070","10","0.20","321141861300"
"139480","이마트","KOSPI","유통업","76900","400","0.52","2143650481100"
"457190","이수스페셜티케미컬","KOSPI","화학","151400","-200","-0.13","847654232200"
"007660","이수페타시스","KOSPI","전기전자","31150","200","0.65","1970125951850"
"005950","이수화학","KOSPI","화학","13330","180","1.37","302894110870"
"015020","이스타코","KOSPI","서비스업","758","21","2.85","32481512800"
"093230","이아이디","KOSPI","유통업","1392","0","0.00","339310256256"
"074610","이엔플러스","KOSPI","기계","4360","155","3.69","296310701200"
"102460","이연제약","KOSPI","의약품","15240","-10","-0.07","283262999640"
"084680","이월드","KOSPI","기타제조업","1295","20","1.57","183639019935"
"350520","이지스레지던스리츠","KOSPI","서비스업","3690","25","0.68","104643296730"
"334890","이지스밸류리츠","KOSPI","서비스업","4375","30","0.69","225065176875"
"000760","이화산업","KOSPI","유통업","16270","1110","7.32","45556000000"
"014990","인디에프","KOSPI","섬유의복","891","6","0.68","66925678545"
"101140","인바이오젠","KOSPI","유통업","9340","0","0.00","93812977440"
"006490","인스코비","KOSPI","통신업","1224","10","0.82","141127411752"
"023800","인지컨트롤스","KOSPI","운수장비","8000","-20","-0.25","126473576000"
"034590","인천도시가스","KOSPI","전기가스업","25800","50","0.19","112868653200"
"129260","인터지스","KOSPI","운수창고업","2430","35","1.46","72287333820"
"023810","인팩","KOSPI","운수장비","8820","20","0.23","88200000000"
"249420","일동제약","KOSPI","의약품","16570","330","2.03","458620085520"
"000230","일동홀딩스","KOSPI","의약품","10400","200","1.96","120020160000"
"013360","일성건설","KOSPI","건설업","1730","23","1.35","93463042400"
"003120","일성신약","KOSPI","의약품","20900","550","2.70","277970000000"
"003200","일신방직","KOSPI","섬유의복","9190","0","0.00","213943200000"
"007110","일신석재","KOSPI","유통업","1129","107","10.47","87448512690"
"007570","일양약품","KOSPI","의약품","14670","170","1.17","279986690880"
"007575","일양약품우","KOSPI","의약품","15000","250","1.69","6676200000"
"008500","일정실업","KOSPI","섬유의복","12900","0","0.00","15480000000"
"081000","일진다이아","KOSPI","화학","13680","320","2.40","194296698000"
"020760","일진디스플","KOSPI","전기전자","940","-10","-1.05","48422916540"
"103590","일진전기","KOSPI","전기전자","12300","-290","-2.30","456088797000"
"271940","일진하이솔루스","KOSPI","운수장비","23450","1050","4.69","851544305500"
"015860","일진홀딩스","KOSPI","기타금융","3855","20","0.52","190234546965"
"226320","잇츠한불","KOSPI","화학","12520","-100","-0.79","274555023800"
"317400","자이에스앤디","KOSPI","서비스업","5170","20","0.39","200505628400"
"033240","자화전자","KOSPI","전기전자","25000","400","1.63","552748075000"
"000950","전방","KOSPI","섬유의복","23750","-150","-0.63","39900000000"
"348950","제이알글로벌리츠","KOSPI","서비스업","4160","60","1.46","821084160000"
"194370","제이에스코퍼레이션","KOSPI","기타제조업","18230","280","1.56","243108006230"
"025620","제이준코스메틱","KOSPI","화학","5900","100","1.72","26460591400"
"030000","제일기획","KOSPI","서비스업","20350","-100","-0.49","2341088928750"
"271980","제일약품","KOSPI","의약품","15790","-10","-0.06","232189928880"
"001560","제일연마","KOSPI","비금속광물","8500","150","1.80","85000000000"
"002620","제일파마홀딩스","KOSPI","서비스업","9970","-40","-0.40","159254349350"
"006220","제주은행","KOSPI","은행","8410","110","1.33","270202989340"
"089590","제주항공","KOSPI","운수창고업","11630","-320","-2.68","895436858930"
"004910","조광페인트","KOSPI","화학","6280","70","1.13","80384000000"
"004700","조광피혁","KOSPI","기타제조업","49550","0","0.00","329464787900"
"001550","조비","KOSPI","화학","13000","140","1.09","67499107000"
"462520","조선내화","KOSPI","비금속광물","25300","-350","-1.36","299935750400"
"120030","조선선재","KOSPI","기계","101500","-700","-0.68","127651576500"
"018470","조일알미늄","KOSPI","철강금속","2135","60","2.89","270358724335"
"002600","조흥","KOSPI","음식료품","171900","0","0.00","103140000000"
"185750","종근당","KOSPI","의약품","116600","200","0.17","1465482902400"
"063160","종근당바이오","KOSPI","의약품","21550","250","1.17","118222481100"
"001630","종근당홀딩스","KOSPI","의약품","55300","900","1.65","277045313300"
"044380","주연테크","KOSPI","전기전자","535","0","0.00","31671595540"
"013890","지누스","KOSPI","기타제조업","18860","860","4.78","356466749360"
"013870","지엠비코리아","KOSPI","운수장비","4180","60","1.46","79722130400"
"071320","지역난방공사","KOSPI","전기가스업","23350","0","0.00","270363672400"
"088790","진도","KOSPI","유통업","2110","-55","-2.54","26264739840"
"003780","진양산업","KOSPI","화학","7150","50","0.70","92950000000"
"010640","진양폴리","KOSPI","화학","7150","-220","-2.99","71500000000"
"100250","진양홀딩스","KOSPI","화학","3220","15","0.47","179982840240"
"051630","진양화학","KOSPI","화학","3220","-15","-0.46","50876000000"
"272450","진에어","KOSPI","운수창고업","12380","-250","-1.98","646236000000"
"011000","진원생명과학","KOSPI","의약품","3305","-125","-3.64","259355965185"
"002780","진흥기업","KOSPI","건설업","1212","18","1.51","176311754940"
"002787","진흥기업2우B","KOSPI","건설업","11590","80","0.70","3416824720"
"002785","진흥기업우B","KOSPI","건설업","4280","85","2.03","3668893040"
"009310","참엔지니어링","KOSPI","기계","446","2","0.45","37850868874"
"000650","천일고속","KOSPI","운수창고업","48550","1350","2.86","69388631000"
"012600","청호ICT","KOSPI","기계","2490","0","0.00","107911154370"
"033250","체시스","KOSPI","운수장비","2805","95","3.51","89760000000"
"035720","카카오","KOSPI","서비스업","47800","300","0.63","21246907366000"
"323410","카카오뱅크","KOSPI","은행","23900","200","0.84","11394734574300"
"377300","카카오페이","KOSPI","기타금융","42850","1050","2.51","5747451303200"
"006380","카프로","KOSPI","화학","997","-15","-1.48","39880000000"
"109070","컨버즈","KOSPI","전기전자","4100","0","0.00","150921943000"
"001620","케이비아이동국실업","KOSPI","운수장비","579","3","0.52","64438664949"
"029460","케이씨","KOSPI","의료정밀","18320","-40","-0.22","248310086080"
"281820","케이씨텍","KOSPI","의료정밀","23950","-650","-2.64","499634266200"
"381970","케이카","KOSPI","유통업","10440","-110","-1.04","502023404520"
"145270","케이탑리츠","KOSPI","서비스업","1024","4","0.39","49214232576"
"417310","코람코더원리츠","KOSPI","서비스업","4715","35","0.75","190486000000"
"357120","코람코라이프인프라리츠","KOSPI","서비스업","5530","-20","-0.36","489595641220"
"007815","코리아써우","KOSPI","전기전자","6070","140","2.36","17995668300"
"007810","코리아써키트","KOSPI","전기전자","15370","320","2.13","363050942870"
"00781K","코리아써키트2우B","KOSPI","전기전자","6990","180","2.64","5478056010"
"003690","코리안리","KOSPI","보험","7740","0","0.00","1089969547860"
"192820","코스맥스","KOSPI","화학","118600","1700","1.45","1346051767400"
"044820","코스맥스비티아이","KOSPI","기타금융","10090","130","1.31","96903562890"
"005070","코스모신소재","KOSPI","화학","160500","1500","0.94","4919446338000"
"005420","코스모화학","KOSPI","화학","36750","800","2.23","1411502379000"
"071950","코아스","KOSPI","기타제조업","654","-18","-2.68","20213315340"
"002020","코오롱","KOSPI","기타금융","17000","110","0.65","214649242000"
"003070","코오롱글로벌","KOSPI","건설업","12240","500","4.26","231736407120"
"003075","코오롱글로벌우","KOSPI","건설업","17430","570","3.38","12911045910"
"450140","코오롱모빌리티그룹","KOSPI","유통업","2905","15","0.52","182367911250"
"45014K","코오롱모빌리티그룹우","KOSPI","유통업","5950","-50","-0.83","14613914000"
"002025","코오롱우","KOSPI","기타금융","13080","40","0.31","14079181200"
"120110","코오롱인더","KOSPI","화학","44100","350","0.80","1213591913100"
"120115","코오롱인더우","KOSPI","화학","23300","0","0.00","64491138000"
"138490","코오롱플라스틱","KOSPI","화학","7510","130","1.76","285380000000"
"021240","코웨이","KOSPI","서비스업","51000","-900","-1.73","3763780569000"
"036420","콘텐트리중앙","KOSPI","서비스업","13940","-60","-0.43","268516573520"
"031820","콤텍시스템","KOSPI","서비스업","720","8","1.12","87157055520"
"192400","쿠쿠홀딩스","KOSPI","기타금융","16970","-30","-0.18","603490279450"
"284740","쿠쿠홈시스","KOSPI","서비스업","22100","350","1.61","495864993000"
"264900","크라운제과","KOSPI","음식료품","8580","80","0.94","107454633000"
"26490K","크라운제과우","KOSPI","음식료품","10160","-60","-0.59","7859369600"
"005740","크라운해태홀딩스","KOSPI","기타금융","5850","0","0.00","86856979950"
"005745","크라운해태홀딩스우","KOSPI","기타금융","10140","80","0.80","6091361640"
"259960","크래프톤","KOSPI","서비스업","203000","9900","5.13","9817636829000"
"020120","키다리스튜디오","KOSPI","서비스업","4600","285","6.60","170157523600"
"039490","키움증권","KOSPI","증권","93300","100","0.11","2446951669800"
"014580","태경비케이","KOSPI","비금속광물","6700","-50","-0.74","184806770000"
"015890","태경산업","KOSPI","화학","6750","50","0.75","197294062500"
"006890","태경케미컬","KOSPI","화학","12890","-370","-2.79","149524000000"
"003240","태광산업","KOSPI","화학","615000","7000","1.15","684741000000"
"011280","태림포장","KOSPI","종이목재","2340","-10","-0.43","165685899600"
"004100","태양금속","KOSPI","운수장비","3675","55","1.52","134872500000"
"004105","태양금속우","KOSPI","운수장비","5810","210","3.75","19173000000"
"009410","태영건설","KOSPI","건설업","3775","75","2.03","146844094950"
"009415","태영건설우","KOSPI","건설업","5710","10","0.18","7435230820"
"001420","태원물산","KOSPI","운수장비","4910","35","0.72","37316000000"
"007980","태평양물산","KOSPI","섬유의복","2640","5","0.19","130542067920"
"055490","테이팩스","KOSPI","화학","29750","550","1.88","141748337500"
"078000","텔코웨어","KOSPI","서비스업","10170","40","0.39","98676520020"
"214420","토니모리","KOSPI","화학","4480","-5","-0.11","107765499520"
"019180","티에이치엔","KOSPI","전기전자","3235","-25","-0.77","58230000000"
"363280","티와이홀딩스","KOSPI","기타금융","5570","130","2.39","280891022760"
"36328K","티와이홀딩스우","KOSPI","기타금융","7010","100","1.45","8713528140"
"091810","티웨이항공","KOSPI","운수창고업","2410","-75","-3.02","483859437910"
"004870","티웨이홀딩스","KOSPI","비금속광물","471","-9","-1.88","52569107403"
"005690","파미셀","KOSPI","의약품","6590","-90","-1.35","395511792760"
"036580","팜스코","KOSPI","음식료품","2955","-20","-0.67","108531071565"
"004720","팜젠사이언스","KOSPI","의약품","6050","160","2.72","108914937450"
"028670","팬오션","KOSPI","운수창고업","4205","95","2.31","2247864797960"
"010820","퍼스텍","KOSPI","기계","3290","90","2.81","160459676020"
"016800","퍼시스","KOSPI","기타제조업","30050","100","0.33","345575000000"
"001020","페이퍼코리아","KOSPI","종이목재","817","-5","-0.61","145412366721"
"090080","평화산업","KOSPI","운수장비","1290","8","0.62","70823914110"
"010770","평화홀딩스","KOSPI","운수장비","3175","-10","-0.31","46435854550"
"058430","포스코스틸리온","KOSPI","철강금속","52700","1200","2.33","316200000000"
"047050","포스코인터내셔널","KOSPI","유통업","59200","900","1.54","10414629049600"
"003670","포스코퓨처엠","KOSPI","전기전자","300500","14500","5.07","23277697610000"
"017810","풀무원","KOSPI","음식료품","10620","180","1.72","404840156040"
"103140","풍산","KOSPI","철강금속","35950","600","1.70","1007472794100"
"005810","풍산홀딩스","KOSPI","기타금융","34050","500","1.49","340449878400"
"950210","프레스티지바이오파마","KOSPI","서비스업","10050","60","0.60","603966357750"
"009810","플레이그램","KOSPI","유통업","578","9","1.58","73261608086"
"086790","하나금융지주","KOSPI","기타금융","41600","0","0.00","12162034476800"
"293480","하나제약","KOSPI","의약품","13840","190","1.39","245977572640"
"039130","하나투어","KOSPI","서비스업","52300","600","1.16","838849375500"
"352820","하이브","KOSPI","서비스업","193400","3100","1.63","8055515559800"
"071090","하이스틸","KOSPI","철강금속","3260","35","1.09","65824195460"
"019490","하이트론","KOSPI","전기전자","1727","-6","-0.35","47684583848"
"000080","하이트진로","KOSPI","음식료품","23000","-250","-1.08","1613073053000"
"000087","하이트진로2우B","KOSPI","음식료품","15380","-20","-0.13","17381522440"
"000140","하이트진로홀딩스","KOSPI","기타금융","9020","20","0.22","209325020300"
"000145","하이트진로홀딩스우","KOSPI","기타금융","12210","-40","-0.33","5748590100"
"152550","한국ANKOR유전","KOSPI","기타금융","382","2","0.53","26747640000"
"036460","한국가스공사","KOSPI","전기가스업","23700","100","0.42","2187818100000"
"005430","한국공항","KOSPI","운수창고업","46800","1800","4.00","148185414000"
"071050","한국금융지주","KOSPI","기타금융","58400","500","0.86","3254397932800"
"071055","한국금융지주우","KOSPI","기타금융","43100","550","1.29","252490618100"
"010040","한국내화","KOSPI","비금속광물","3140","20","0.64","128950574680"
"025540","한국단자","KOSPI","전기전자","75400","0","0.00","785291000000"
"010100","한국무브넥스","KOSPI","운수장비","6540","-10","-0.15","199145746800"
"004090","한국석유","KOSPI","비금속광물","11320","430","3.95","143697438400"
"002200","한국수출포장","KOSPI","종이목재","3120","-70","-2.19","124800000000"
"002960","한국쉘석유","KOSPI","화학","240500","2000","0.84","312650000000"
"000240","한국앤컴퍼니","KOSPI","기타금융","12840","-490","-3.68","1218968481600"
"123890","한국자산신탁","KOSPI","기타금융","3445","55","1.62","427103355640"
"015760","한국전력","KOSPI","전기가스업","17760","-20","-0.11","11401282007520"
"006200","한국전자홀딩스","KOSPI","기타금융","951","28","3.03","44509782336"
"027970","한국제지","KOSPI","종이목재","1156","-2","-0.17","219846041972"
"023350","한국종합기술","KOSPI","서비스업","5750","80","1.41","62962500000"
"025890","한국주강","KOSPI","기계","3010","90","3.08","34040869590"
"000970","한국주철관","KOSPI","철강금속","6900","130","1.92","157323450000"
"104700","한국철강","KOSPI","철강금속","6410","100","1.58","272104500000"
"017960","한국카본","KOSPI","기계","12170","440","3.75","631725860840"
"161890","한국콜마","KOSPI","화학","46750","1250","2.75","1069695165000"
"024720","한국콜마홀딩스","KOSPI","기타금융","6420","200","3.22","236060318400"
"161390","한국타이어앤테크놀로지","KOSPI","화학","43450","-1400","-3.12","5382371748050"
"034830","한국토지신탁","KOSPI","기타금융","1202","9","0.75","303492054460"
"007280","한국특강","KOSPI","철강금속","1875","37","2.01","113605496250"
"168490","한국패러랠","KOSPI","기타금융","1470","-7","-0.47","117629400000"
"047810","한국항공우주","KOSPI","운수장비","46300","300","0.65","4513097454100"
"123690","한국화장품","KOSPI","유통업","6930","-220","-3.08","111351240000"
"003350","한국화장품제조","KOSPI","화학","24150","-450","-1.83","109447800000"
"011500","한농화성","KOSPI","화학","11680","410","3.64","182640650560"
"002390","한독","KOSPI","의약품","12980","-40","-0.31","178650658340"
"053690","한미글로벌","KOSPI","서비스업","22050","600","2.80","241613977500"
"042700","한미반도체","KOSPI","기계","62000","-800","-1.27","6035036724000"
"008930","한미사이언스","KOSPI","기타금융","35800","-100","-0.28","2504458452000"
"128940","한미약품","KOSPI","의약품","301000","-500","-0.17","3781209558000"
"009240","한샘","KOSPI","유통업","50100","0","0.00","1179049792800"
"020000","한섬","KOSPI","섬유의복","19030","140","0.74","468708900000"
"003680","한성기업","KOSPI","음식료품","5470","30","0.55","33966047050"
"105630","한세실업","KOSPI","섬유의복","23050","-300","-1.28","922000000000"
"069640","한세엠케이","KOSPI","유통업","2195","45","2.09","66083771890"
"016450","한세예스24홀딩스","KOSPI","섬유의복","4995","0","0.00","199800000000"
"010420","한솔PNS","KOSPI","유통업","1291","6","0.47","26456478492"
"009180","한솔로지스틱스","KOSPI","운수창고업","2620","140","5.65","72710829500"
"213500","한솔제지","KOSPI","종이목재","10430","-10","-0.10","248240007680"
"014680","한솔케미칼","KOSPI","화학","180100","-2500","-1.37","2041468619500"
"004710","한솔테크닉스","KOSPI","전기전자","6570","20","0.31","210961898460"
"004150","한솔홀딩스","KOSPI","기타금융","2730","15","0.55","114683415210"
"025750","한솔홈데코","KOSPI","종이목재","871","1","0.11","70172244779"
"004960","한신공영","KOSPI","건설업","7380","60","0.82","85391780760"
"011700","한신기계","KOSPI","기계","4505","85","1.92","146169910255"
"001750","한양증권","KOSPI","증권","9460","20","0.21","120411931640"
"001755","한양증권우","KOSPI","증권","11700","50","0.43","6142500000"
"018880","한온시스템","KOSPI","기계","7190","0","0.00","3838022000000"
"009420","한올바이오파마","KOSPI","의약품","35100","-1150","-3.17","1833646393800"
"014130","한익스프레스","KOSPI","운수창고업","5720","-20","-0.35","68640000000"
"300720","한일시멘트","KOSPI","비금속광물","12680","-20","-0.16","878236327200"
"002220","한일철강","KOSPI","철강금속","2635","10","0.38","70347807100"
"006390","한일현대시멘트","KOSPI","비금속광물","15900","0","0.00","307309984800"
"003300","한일홀딩스","KOSPI","비금속광물","11590","-20","-0.17","357353125560"
"051600","한전KPS","KOSPI","건설업","34000","150","0.44","1530000000000"
"052690","한전기술","KOSPI","서비스업","57600","700","1.23","2201472000000"
"130660","한전산업","KOSPI","서비스업","7340","40","0.55","239284000000"
"002320","한진","KOSPI","운수창고업","21650","1720","8.63","323616146200"
"003480","한진중공업홀딩스","KOSPI","전기가스업","3450","50","1.47","101877851400"
"180640","한진칼","KOSPI","운수창고업","52900","0","0.00","3531724559100"
"18064K","한진칼우","KOSPI","운수창고업","24850","200","0.81","13338635100"
"005110","한창","KOSPI","유통업","1273","20","1.60","23685954838"
"009460","한창제지","KOSPI","종이목재","918","8","0.88","54774752148"
"372910","한컴라이프케어","KOSPI","의료정밀","4760","15","0.32","131730172560"
"000880","한화","KOSPI","화학","24900","400","1.63","1866472501500"
"00088K","한화3우B","KOSPI","화학","13900","90","0.65","312360800000"
"452260","한화갤러리아","KOSPI","유통업","1099","8","0.73","213051711390"
"45226K","한화갤러리아우","KOSPI","유통업","3200","10","0.31","9294304000"
"451800","한화리츠","KOSPI","서비스업","5140","0","0.00","362884000000"
"088350","한화생명","KOSPI","보험","2740","55","2.05","2379772200000"
"000370","한화손해보험","KOSPI","보험","4060","25","0.62","473959994900"
"009830","한화솔루션","KOSPI","화학","33000","1250","3.94","5672453688000"
"009835","한화솔루션우","KOSPI","화학","22950","300","1.32","59104259550"
"272210","한화시스템","KOSPI","전기전자","14770","-10","-0.07","2790339375530"
"012450","한화에어로스페이스","KOSPI","운수장비","121300","0","0.00","6141419000000"
"042660","한화오션","KOSPI","운수장비","27450","2950","12.04","5953174802550"
"000885","한화우","KOSPI","화학","31450","-300","-0.94","15073796300"
"003530","한화투자증권","KOSPI","증권","2720","40","1.49","583569948000"
"003535","한화투자증권우","KOSPI","증권","5480","80","1.48","26304000000"
"195870","해성디에스","KOSPI","전기전자","51700","-700","-1.34","878900000000"
"101530","해태제과식품","KOSPI","음식료품","5290","50","0.95","154027988380"
"143210","핸즈코퍼레이션","KOSPI","운수장비","2905","5","0.17","63549045035"
"000720","현대건설","KOSPI","건설업","36850","150","0.41","4103459940250"
"000725","현대건설우","KOSPI","건설업","50400","0","0.00","53156527200"
"453340","현대그린푸드","KOSPI","유통업","11840","-110","-0.92","401150021760"
"086280","현대글로비스","KOSPI","운수창고업","176900","1400","0.80","6633750000000"
"064350","현대로템","KOSPI","운수장비","25900","350","1.37","2826785388700"
"079430","현대리바트","KOSPI","기타제조업","7870","10","0.13","161612669340"
"012330","현대모비스","KOSPI","운수장비","225500","-4000","-1.74","21119223697000"
"010620","현대미포조선","KOSPI","운수장비","77500","2100","2.79","3095516547500"
"069960","현대백화점","KOSPI","유통업","52000","800","1.56","1216926932000"
"004560","현대비앤지스틸","KOSPI","철강금속","14630","130","0.90","220603004930"
"004310","현대약품","KOSPI","의약품","3990","80","2.05","127680000000"
"017800","현대엘리베이","KOSPI","기계","45950","-1100","-2.34","1796295090750"
"307950","현대오토에버","KOSPI","서비스업","163600","300","0.18","4486563455200"
"011210","현대위아","KOSPI","운수장비","56700","-400","-0.70","1541961206100"
"004020","현대제철","KOSPI","철강금속","34700","-450","-1.28","4630568739500"
"005440","현대지에프홀딩스","KOSPI","기타금융","3720","65","1.78","604127003040"
"005380","현대차","KOSPI","운수장비","183600","-800","-0.43","38837184501600"
"005387","현대차2우B","KOSPI","운수장비","108700","900","0.83","3926308893900"
"005389","현대차3우B","KOSPI","운수장비","106600","200","0.19","256314156800"
"005385","현대차우","KOSPI","운수장비","107400","0","0.00","2589748980600"
"001500","현대차증권","KOSPI","증권","8620","40","0.47","273362284440"
"011760","현대코퍼레이션","KOSPI","유통업","18800","400","2.17","248704560800"
"227840","현대코퍼레이션홀딩스","KOSPI","유통업","10800","220","2.08","98289028800"
"126560","현대퓨처넷","KOSPI","통신업","3215","-35","-1.08","354302468175"
"001450","현대해상","KOSPI","보험","30850","200","0.65","2757990000000"
"057050","현대홈쇼핑","KOSPI","유통업","42250","150","0.36","507000000000"
"093240","형지엘리트","KOSPI","섬유의복","1412","22","1.58","43990574776"
"003010","혜인","KOSPI","유통업","5730","90","1.60","72844040310"
"111110","호전실업","KOSPI","섬유의복","8170","0","0.00","79657369280"
"008770","호텔신라","KOSPI","유통업","67100","1300","1.98","2633548919100"
"008775","호텔신라우","KOSPI","유통업","47500","350","0.74","35714252500"
"002460","화성산업","KOSPI","건설업","10530","-10","-0.09","106879500000"
"378850","화승알앤에이","KOSPI","운수장비","4030","115","2.94","76544300690"
"241590","화승엔터프라이즈","KOSPI","기타제조업","9150","850","10.24","554391875400"
"006060","화승인더","KOSPI","화학","3605","115","3.30","199428600000"
"013520","화승코퍼레이션","KOSPI","운수장비","2140","-90","-4.04","107109679280"
"010690","화신","KOSPI","운수장비","11510","-100","-0.86","401933919100"
"133820","화인베스틸","KOSPI","철강금속","1299","0","0.00","38863635282"
"010660","화천기계","KOSPI","기계","4645","275","6.29","102190000000"
"000850","화천기공","KOSPI","기계","32650","-200","-0.61","71830000000"
"016580","환인제약","KOSPI","의약품","14650","140","0.96","272491025500"
"032560","황금에스티","KOSPI","철강금속","7330","230","3.24","124610000000"
"004800","효성","KOSPI","기타금융","66500","400","0.61","1401223162500"
"094280","효성ITX","KOSPI","서비스업","12270","60","0.49","141819114000"
"298040","효성중공업","KOSPI","전기전자","198700","-6300","-3.07","1852787687600"
"298050","효성첨단소재","KOSPI","화학","384500","5500","1.45","1722540006000"
"298020","효성티앤씨","KOSPI","화학","375000","500","0.13","1622880750000"
"298000","효성화학","KOSPI","화학","92400","4100","4.64","350363336400"
"093370","후성","KOSPI","화학","11490","210","1.86","1084105674960"
"081660","휠라홀딩스","KOSPI","유통업","38100","350","0.93","2314659658200"
"005870","휴니드","KOSPI","전기전자","5810","180","3.20","82014047150"
"079980","휴비스","KOSPI","화학","4325","75","1.76","149212500000"
"005010","휴스틸","KOSPI","철강금속","4890","70","1.45","274759686750"
"000540","흥국화재","KOSPI","보험","2990","-5","-0.17","192085508550"
"000545","흥국화재우","KOSPI","보험","5570","70","1.27","4277760000"
"003280","흥아해운","KOSPI","운수창고업","1713","60","3.63","411847851987"